,0,1,2,3,4,5,6,7,8,9,10,11,12,13,14,15,16,17,18,19,20,21,22
0,0.11093022700311307,0.11133217414535827,0.11200208604910027,0.11334190985658427,0.11510226625230287,0.11698277481608851,0.11877644994352086,0.1205006583218706,0.12227044025615459,0.12413136930230712,0.12584747526457207,0.12640499655573653,0.126962517846901,0.12943441213244575,0.13214560304228803,0.13472689200821739,0.13724323000219024,0.13869572697522103,0.13881842267207417,0.13940628927410384,0.1416222540442513,0.14273023642932503,0.14339502586036926
1,0.10744053350123044,0.1081413463014673,0.10930936763519539,0.11164541030265158,0.11246421765787917,0.11284952920961289,0.11349032308799689,0.11433550282770112,0.11526474633328154,0.11636211737061435,0.11735664504787797,0.11752842584458828,0.11770020664129857,0.12044681456017921,0.12351527586933114,0.12630462985280205,0.12895443017343244,0.1313971475850381,0.1335810113603628,0.13532767303056742,0.13554412733285187,0.13565235448399407,0.13571729077467942
2,0.11307832749407597,0.11340905761014926,0.1139602744702714,0.1150627081905157,0.11642821196082505,0.11786887860258155,0.11854185614831689,0.11860068241723529,0.11870814872606768,0.11891289511472802,0.11931717215595422,0.12131769441770732,0.1233182166794604,0.12438731847343543,0.1253399927089382,0.1261070618546157,0.12678132845538062,0.12728299012283717,0.1275688956236583,0.12883857486195863,0.13355146218143604,0.13590790584117476,0.137321772037018
3,0.11216524784029847,0.11303870688187487,0.11449447195116887,0.11740600208975688,0.11875842240213794,0.11966538276417417,0.12094434395823406,0.12252090581791286,0.12364901966760364,0.12388023749731836,0.12425563604753304,0.1257844803617475,0.127313324675962,0.12796031275709066,0.12849706880908363,0.128943651993473,0.12934514874406058,0.13023759117726422,0.13174371571373789,0.1330740998698284,0.13378939269457785,0.13414703910695258,0.13436162695437742
4,0.11381243756295466,0.11421605084955766,0.11488873966056264,0.1162341172825726,0.11773029443024731,0.11926955715668337,0.1206520473260292,0.12190911944970285,0.12276166661696372,0.12280516387139905,0.12341778477558733,0.1285833948777993,0.13374900498001124,0.13453834533281642,0.13478065196694577,0.13577121238064388,0.13713589968412637,0.13940163741679062,0.14279368818593208,0.14648378895958758,0.1512170647490423,0.1535837026437697,0.1550036853806061
5,0.11003082492108417,0.11066787273870858,0.11172961910141593,0.11385311182683062,0.11535148574663556,0.11667125429340915,0.11750795875650025,0.11795821195264537,0.11839706836693996,0.1188131312175335,0.11931175500855255,0.12047086632297586,0.12162997763739918,0.12661304347511287,0.1320741036282379,0.13531679088439602,0.13745029169207068,0.13895012690311248,0.1396578801183632,0.1405091538192252,0.14186274921972694,0.14253954691997778,0.1429456255401283
6,0.1114797331242897,0.11196175291389172,0.1127651192298951,0.11437185186190184,0.11522791302759236,0.11586949663147823,0.11657186839180976,0.11732287067729781,0.11823986124733421,0.11948882838646735,0.12085050726980821,0.12311388010681099,0.12537725294381374,0.12772450531238042,0.1300822426223926,0.13112662121956797,0.1315143204603249,0.1323244520661372,0.13366262412826857,0.13511039295305857,0.13694175044715368,0.13785742919420124,0.13840683644242976
7,0.10703294277489503,0.10842284236725942,0.11073934168786675,0.1153723403290814,0.11736849100974481,0.11861125655882214,0.11980650705483953,0.12096374550840897,0.12183741450977412,0.12214394460673071,0.12287768625275446,0.12702912029131527,0.1311805543298761,0.1326671277093148,0.13382059350636324,0.13426837362240676,0.13436331089794784,0.13569638680820767,0.1385771360118659,0.1408394664552708,0.14093733123778898,0.14098626362904806,0.14101562306380352
8,0.10740941133570439,0.1095364986839534,0.1130816442643684,0.12017193542519841,0.12190536214084255,0.12210825615786217,0.12249053914088817,0.12301633329671931,0.1234729747688417,0.12379131087354663,0.12435161179322586,0.12684763123269954,0.12934365067217324,0.13241060842699348,0.13554893347123206,0.13684126116713405,0.13721059018886778,0.13795374227513532,0.1391641731920702,0.14012629767914767,0.14021934966172428,0.1402658756530126,0.1402937912477856
9,0.10393385409692985,0.10424307767098949,0.10475845029442224,0.10578919554128775,0.10992607795332617,0.11495042812684257,0.11742865108442183,0.11786997226925136,0.11825235782893365,0.11851687213832146,0.11892993150558265,0.12053135133583076,0.12213277116607889,0.12340443897541381,0.1246348877821346,0.1251181453477173,0.125227807292731,0.127769747193264,0.13335203453819616,0.1377690463130613,0.13810759359269173,0.13827686723250696,0.13837843141639608
10,0.09783016744811013,0.09850406245496555,0.09962722079972458,0.10187353748924266,0.10335329562981953,0.10461403704212748,0.1065488420056739,0.10902289781021111,0.11185331276386497,0.11539644601575208,0.11869141969806857,0.12000111682382017,0.12131081394957176,0.12239639402166236,0.12345395946204535,0.12444384164827048,0.1253998822074167,0.12677493087447345,0.12867373967641832,0.13022845203198347,0.1305788268252196,0.13075401422183766,0.1308591266598085
11,0.09237634350978416,0.09338289858115689,0.09506049036677812,0.09841567393802057,0.09990254829278987,0.10085562001428111,0.10180580352238659,0.10275367645978348,0.10420938301319778,0.10668075679864694,0.1089528859379043,0.1096310579076272,0.11030922987735012,0.11573004564913424,0.12174369189617604,0.12575907112657564,0.12877531684865415,0.13085703550258554,0.131770595321333,0.13314811008943728,0.13614946718029036,0.13765014572571693,0.13855055285297285
12,0.08636713633170708,0.08864487038719299,0.09244109381300285,0.10003354066462256,0.10320938847711188,0.10512335084984965,0.10616336633499951,0.10650422431007903,0.10688486875334892,0.10734508613299955,0.10783904484467116,0.10860293421251055,0.10936682358034992,0.11064936767220822,0.11199674360456888,0.11362923846540812,0.11540429279048664,0.1191981664983694,0.12551556443475742,0.13238592158057655,0.14119163595940437,0.1455944931488183,0.14823620746246666
13,0.09162119811386074,0.0948650580256259,0.10027149121190121,0.1110843575844518,0.11361690732772577,0.11378365231977784,0.1138670837978976,0.11388386446487153,0.1142774587238389,0.11542468016679318,0.11659343403199898,0.11793444727521707,0.11927546051843516,0.1262337709249683,0.13389424347691584,0.13715006571340532,0.13820356279216578,0.14037813880097327,0.14395406347233952,0.14682768285172412,0.14724323370917283,0.14745100913789722,0.14757567439513183
14,0.10870986494870313,0.11019156552155726,0.11266106647631413,0.11760006838582786,0.11913729264059217,0.11970258042257093,0.12002813890255093,0.12016191394093194,0.12052989326266654,0.12136628115110831,0.12219006815404121,0.12291304807290315,0.12363602799176511,0.12620739394629885,0.12900980815529156,0.13176147529736665,0.13448776890598294,0.13841009385572067,0.14382745798186017,0.15013022762285716,0.15953191656585528,0.16423276103735437,0.16705326772025383
15,0.11570910010753796,0.11635569031692529,0.11743334066590416,0.11958864136386192,0.1201960937628153,0.12036130379062457,0.12100001886079612,0.12201753796485747,0.12370994074288572,0.12675211086884772,0.12976231081880216,0.13251674936069605,0.13527118790258993,0.1357396902796454,0.135922450636096,0.13655743811230203,0.13741853914838573,0.14080188350906767,0.1473380320254974,0.15406947447591127,0.1614844456952696,0.1651919313049488,0.1674164226707563
16,0.10748973814247939,0.10784830682011742,0.10844592128284747,0.10964115020830759,0.11205948308226354,0.11482727422721832,0.11675864084379392,0.11802086783766619,0.11911424692368396,0.11986993019399272,0.1208179666162051,0.12330482825364625,0.12579168989108738,0.1262655676999107,0.1264878225301568,0.1321378824120507,0.14050184481976852,0.14591832718549796,0.14765045949874195,0.1513957860498003,0.1621872924332091,0.16758304562491352,0.17082049753993614
17,0.10306724885290176,0.10333516574947996,0.10378169391044362,0.10467475023237094,0.10597941297390252,0.10740167754960675,0.10867770335968477,0.10983673815726182,0.11094902528147313,0.11196781705895296,0.11308404884546261,0.11497980070421066,0.11687555256295871,0.12060827355268143,0.124570615683776,0.13184378764576313,0.14077237452319658,0.14738782513383195,0.15111185541096972,0.15402541428557254,0.154102323251303,0.1541407777341682,0.15416385042388736
18,0.09636650028823937,0.09700861690764412,0.09807881127331869,0.10021920000466783,0.10158227172274177,0.10272325286559422,0.10350459126159334,0.10399821546010979,0.10454300833987688,0.10519013858214524,0.10603858381099734,0.10849754893251959,0.11095651405404182,0.1130610038251553,0.11512118417746771,0.11595068430808217,0.11616484432784766,0.12476325607270866,0.14384198247393903,0.1590307148122867,0.16060446793054473,0.16139134448967374,0.16186347042515115
19,0.0940675120443469,0.09419400757516903,0.0944048334598726,0.09482648522927976,0.09611164015301926,0.09764351026371086,0.09874858292967587,0.09951221763985955,0.10012841733499835,0.10044974700004729,0.10094382301729422,0.10281986985212516,0.10469591668695609,0.1059173536296295,0.10705696433578321,0.10850594735205402,0.11010961652338336,0.11204352737260219,0.11439024031918286,0.11646189545951324,0.11757084827796759,0.11812532468719475,0.11845801053273106
20,0.0925663860082604,0.0927135218799993,0.09295874833289745,0.09344920123869375,0.09483922606402964,0.09648627143780542,0.09847137770610867,0.1007269326900339,0.10231179143087292,0.10255525768553948,0.10280504049284635,0.1031053557212755,0.10340567094970464,0.104044674973871,0.10472601509750451,0.10679884936219902,0.10956743069742403,0.11171464348249749,0.11308514557988147,0.11421836203752027,0.11452107875605086,0.11467243711531615,0.11476325213087533
21,0.09158472824833558,0.09197025874713569,0.0926128095784692,0.09389791124113621,0.09540008165441037,0.09696427171071516,0.0978518374951151,0.09819810386199117,0.0985042581802407,0.09873018840123711,0.0991371484619366,0.10099234724026052,0.10284754601858442,0.10598657013529827,0.10928607241931088,0.11116507286611459,0.11233382239431386,0.11363993815247979,0.11511776169810406,0.1171909478135092,0.12134790292314734,0.12342638047796645,0.1246734670108579
22,0.09005317831970856,0.09005752211420921,0.09006476177171029,0.09007924108671243,0.09039220909738159,0.09079045959252702,0.09316787264549883,0.09712861574473176,0.10020720341179364,0.10152148021451342,0.10278393945559482,0.10363185820356913,0.10447977695154345,0.10466636439933277,0.10477028543459897,0.10758302592815738,0.11175017615086191,0.11531151537166183,0.11811559084008098,0.1206500516493992,0.12224086115186408,0.12303626590309653,0.123513508753836
23,0.09282365631116002,0.09384086102965884,0.09553620222715689,0.09892688462215297,0.10084680318867428,0.10234650351848852,0.10372507221041549,0.10500673559203265,0.10609777325243581,0.10680755947041098,0.1076248294541195,0.10930196956369462,0.11097910967326974,0.11259675593753099,0.114206965471128,0.11631341714413007,0.11866798988683466,0.1199860651535237,0.12000851857519326,0.12116329454510734,0.12628119943387722,0.1288401518782622,0.13037552334489316
24,0.09170963266240814,0.09243943926249112,0.09365578359596277,0.09608847226290608,0.09827631827832435,0.10039420925044977,0.1021832044426258,0.10370908301084232,0.10516868582854813,0.10649573714523254,0.10783443381897291,0.10926629334916096,0.11069815287934903,0.11461282182691301,0.11883784195164901,0.12114375092420833,0.12249010432067935,0.12342710048746745,0.12385240011715194,0.12449000377754217,0.12587067154540252,0.1265610054293327,0.12697520575969082
25,0.09461776643202281,0.09468511347477146,0.0947973585460192,0.09502184868851468,0.09622050974087161,0.09769750533890324,0.09948001555101298,0.1015069374543852,0.10334687737526477,0.10481285333115901,0.10635025648002433,0.10845907717265821,0.11056789786529207,0.11327128053487687,0.11604898345158053,0.11808402722948903,0.11974774143799996,0.12108327904614917,0.12200859590384623,0.12354429436411239,0.12721632843337036,0.12905234546799935,0.13015395568877675
26,0.09456142921445682,0.09519542623491006,0.09625208793566548,0.09836541133717631,0.09909349165847026,0.09942578824255939,0.10017971043263353,0.10127093310749567,0.10286418004523172,0.10546147550871557,0.10796894370159957,0.10975779372968472,0.11154664375776988,0.11539797218616772,0.11950711041460468,0.1217644388528888,0.12309586239609652,0.12473740146024637,0.12676658492557386,0.12878375347187618,0.13075886980159038,0.13174642796644748,0.13233896286536173
27,0.0990492654120965,0.10024520299808112,0.1022384323080555,0.10622489092800426,0.10717612760011588,0.10726015800141692,0.10747497302473069,0.10779441574565468,0.11039248815035228,0.1175478199225971,0.12419048796569856,0.1267318461756534,0.1292732043856082,0.129719252862487,0.1299033876227313,0.13101813627899428,0.1325981918832666,0.13427086083241754,0.13605929646266673,0.1374518913180557,0.13745904346143398,0.13746261953312314,0.13746476517613662
28,0.09288329992298297,0.09369371816062144,0.09504441522335223,0.09774580934881381,0.09942248835835399,0.10080639162048805,0.10148691409489552,0.10160473193912174,0.10233110694137293,0.10427459625967402,0.10677378667575808,0.1137185858741061,0.12066338507245414,0.12311281930755015,0.12500033292223967,0.12730149458684986,0.12980948027642045,0.13267534544154386,0.1359885599511083,0.13869257987603892,0.1392644187547511,0.1395503381941072,0.13972188985772083
29,0.08970188688428977,0.09010413360208155,0.09077454479840118,0.09211536719104042,0.09381117751222821,0.09560841295585845,0.09686213408611317,0.09768104376566747,0.09833621720417413,0.09866391816058549,0.09896814171393406,0.09908454604278019,0.09920095037162634,0.1015471696507297,0.10417211579861521,0.10554106321104735,0.1062820112557528,0.10950082644440891,0.11581697556300333,0.12131728994836585,0.12396218276741665,0.12528462917694205,0.1260780970226573
30,0.09143922655564758,0.09145300981157929,0.09147598190479882,0.09152192609123785,0.09172454359878707,0.09197192491236778,0.09290421244119221,0.0943844249422116,0.09541774068117889,0.09555726289604197,0.09587529668955926,0.09762142311231031,0.09936754953506138,0.10214514345950124,0.1050516708216522,0.10692014583816399,0.1082695946818562,0.11121946551227012,0.11616986382608616,0.12082585112367035,0.12445139986444302,0.12626417423482938,0.12735183885706117
31,0.08842031781637184,0.08917250518792778,0.09042615080718766,0.09293344204570743,0.09354854934932953,0.0936230326715523,0.09368984375593936,0.09375051705005787,0.09432672606407357,0.09593400651788364,0.09736600469052954,0.09739574461386206,0.09742548453719459,0.09786901212367533,0.0983642631680496,0.09979621118929975,0.10169650769898783,0.10401259826600807,0.10684843140469354,0.11066032480008134,0.11788842909392741,0.12150248124085047,0.12367091252900429
32,0.0896120751851804,0.08963542854644843,0.08967435081522847,0.08975219535278856,0.09055976933309766,0.0915758374399065,0.09223123558501885,0.09259809776077403,0.0935300795916732,0.09559230073286033,0.09747498656183137,0.09792138989307379,0.09836779322431621,0.09862546076441128,0.09885953633061294,0.09950951715630166,0.10036745061173391,0.101998987211392,0.10459752774133238,0.10674520146205718,0.10731484135052737,0.10759966129476246,0.10777055326130353
33,0.08361840152023867,0.08405247178392074,0.08477592222339085,0.08622282310233108,0.08722396085760552,0.08809773772040402,0.08955238201156836,0.09147172024542535,0.09309499663556203,0.09412614933825807,0.09514016588650673,0.09601709319917637,0.096894020511846,0.09709776091972987,0.0972173529645155,0.09727025704329585,0.09728981713907355,0.09752143494037609,0.09801812487358467,0.09864417877652625,0.09972300657353325,0.10026242047203675,0.10058606881113885
34,0.08066091831092578,0.0807170285363086,0.08081054557861331,0.08099757966322271,0.0815041586170446,0.08210203610492721,0.08335558437876449,0.08513366928136548,0.08639861684982518,0.08663728975000226,0.08688774139688418,0.08723242301740491,0.08757710463792563,0.08777786485455392,0.08796063489569565,0.08977187418123381,0.09239734808897017,0.09402242949209298,0.09439702026444885,0.09582759565255644,0.10095411719579502,0.10351737796741432,0.1050553344303859
35,0.07573860829217735,0.07617049993451312,0.07689031933840608,0.078329958146192,0.07887942084423151,0.07917454751091492,0.07958791025052907,0.08009586184848783,0.08044491541157713,0.0804761729049275,0.08055689172557193,0.08103330116456886,0.0815097106035658,0.08223178106374318,0.08298455915156812,0.08534871720051793,0.08851856523003018,0.09118405362496727,0.09321909247668543,0.09575024074294018,0.10001777196007297,0.10215153756863937,0.10343179693377921
36,0.0798882507753448,0.08003150556913209,0.08027026355877756,0.08074777953806853,0.08093090668181349,0.08102992272968818,0.08246848133091983,0.08497867397483708,0.08673402136118938,0.08697967823241182,0.0874245070276418,0.08946271121493213,0.09150091540222247,0.0928479711941233,0.09410863343660046,0.09468817830989458,0.09492716449859719,0.0966754955819396,0.10031050778358172,0.10395959305843888,0.10765793408954859,0.10950710460510346,0.11061660691443637
37,0.07881148322081347,0.07927174074639837,0.08003883662237321,0.08157302837432288,0.08394340918752204,0.0865527011610782,0.08803421251502815,0.0886134993732931,0.08911920257039539,0.08947773844517234,0.08998509909159316,0.09168305791116485,0.09338101673073652,0.09815332489427257,0.10330992672580418,0.10554808615618941,0.10632702438600145,0.10704732051238056,0.1076943140094685,0.10912596576696683,0.11330392143590147,0.11539289927036882,0.1166462859710492
38,0.0780031208451768,0.07811358297395575,0.07829768652192068,0.07866589361785055,0.0793563790273905,0.08013894395510475,0.0811851474867282,0.08244226190147896,0.08331027540388099,0.08340008708158546,0.0837746334317882,0.086427057161977,0.0890794808921658,0.09051835905024681,0.09180554401181436,0.0932001108324523,0.09464836858262546,0.09713572443362861,0.10092195291066926,0.10539451777325877,0.11226925998526927,0.11570663109127455,0.1177690537548777
39,0.08101278347335514,0.08167474402670569,0.08277801161562325,0.08498454679345839,0.08549143305144291,0.08551270533232727,0.08588191588221304,0.08652947704729996,0.08707307120155021,0.08740873133412713,0.08777255791906509,0.08836171612289129,0.0889508743267175,0.09234137010499346,0.09608203308007565,0.09761002552524661,0.09803168270546196,0.09925775644030194,0.10148935086842269,0.1048388837277176,0.11210120109612204,0.1157323597803243,0.11791105499084563
40,0.07708880017995434,0.07761869376884206,0.07850184975032157,0.08026816171328059,0.08124867722601249,0.08200467946725093,0.08261067866032855,0.08309667541487752,0.08358550686430154,0.08408000770347569,0.08454340567653153,0.08475798072064075,0.08497255576474996,0.08691857020987356,0.08908101458012398,0.09061238900413178,0.09182822845501827,0.0931006450055255,0.09444378293055869,0.09550086785955533,0.09555676730242411,0.09558471702385851,0.09560148685671915
41,0.07338917648793976,0.07369862803146228,0.0742143806039998,0.07524588574907486,0.07552600934985326,0.07559145250940408,0.07788423357352947,0.08195888496131454,0.08468727625968407,0.08472314737922254,0.08476599253273978,0.08486462995808738,0.084963267383435,0.08570494293854487,0.08652699825987505,0.0868388871522896,0.08689569283024637,0.0870353719939144,0.08727864301472153,0.08784244829753546,0.08952812349737317,0.09037096109729204,0.09087666365724335
42,0.06817103871459713,0.06946869386876359,0.07163145245904101,0.07595696963959586,0.07785023858204969,0.07904857945647466,0.07997407407039539,0.08068129167591274,0.0812329123861331,0.08147333930575948,0.08177842701632031,0.0826008010543567,0.0834231750923931,0.08464829493761404,0.08592375800873304,0.08649818776550179,0.08672210086509541,0.08740175666506093,0.08865109084049136,0.0897714290840671,0.09044028156615143,0.0907747078071936,0.09097536355181889
43,0.0683215025836321,0.06909656281923633,0.07038832987857674,0.07297186399725755,0.07519761447700975,0.07732114105992519,0.07873851231603124,0.07959095931068981,0.08025542474448655,0.08054392705655963,0.08093965985375091,0.08219323653188772,0.08344681321002452,0.08376476604741516,0.08396576590471254,0.08523573653300907,0.08704019254680519,0.08926958699912615,0.0920301544996032,0.09459296740887602,0.09646363924893411,0.09739897516896318,0.0979601767209806
44,0.0591384743316963,0.05990412814404248,0.06118021783128611,0.06373239720577337,0.0648992870035949,0.06567037977951193,0.06715585648644115,0.06921284033818012,0.07083340959073214,0.07158114964491026,0.07225182709889381,0.07230600375132093,0.07236018040374803,0.07497467044212493,0.07790919965374554,0.08089701039032524,0.08391146188938445,0.08633456970386683,0.08801849791262813,0.08991082838348345,0.09253256677166781,0.09384343596575999,0.0946299574822153
45,0.055920774218010734,0.05675397834194781,0.058142651881842936,0.06091999896163318,0.062076972944695184,0.06277098318583484,0.06368740665537628,0.06478176070763918,0.066309114262332,0.06870246682188476,0.07086674142431136,0.07119839236972886,0.07153004331514637,0.0717539933995103,0.07196448087624253,0.07263750523210344,0.0735417980275287,0.07617492951825221,0.08096910937809852,0.0850168821237993,0.08645222996999066,0.08716990389308635,0.08760050824694376
46,0.057836316335589895,0.05865242249753496,0.060012599434110074,0.0627329533072603,0.06440275132675621,0.06577239053092233,0.06728689115100794,0.06891728090382916,0.07004463219934869,0.07016590658026485,0.07036093857422451,0.07114603147253215,0.07193112437083979,0.07210071813466899,0.07219337450668839,0.07308949035521192,0.07438733594198753,0.07584959456027071,0.07751736946793839,0.07975231363499741,0.08397235020992619,0.08608236849739058,0.08734837946986922
47,0.055843474519442014,0.05620533754225921,0.05680844258028786,0.058014652656345166,0.06019898810169929,0.06266278793828108,0.0638595530819426,0.0640426904712679,0.0642710847060577,0.06458999263177649,0.06505777442217499,0.06671654713001109,0.06837531983784718,0.06908502614090278,0.0696760991433608,0.07085251667560458,0.07232160647274123,0.07320073546385694,0.07334241344744649,0.07370602814554603,0.07484642134443055,0.07541661794387282,0.07575873590353818
48,0.05950933660850029,0.05962462419686114,0.05981677017746256,0.060201062138665384,0.061519054201911234,0.06310381772288366,0.06427430402614831,0.06511336855524673,0.06581461615950818,0.06624022991409569,0.06662162619394141,0.06664928267585293,0.06667693915776447,0.06737017347373407,0.06814660501896093,0.06899329154006859,0.06987510554911663,0.07145909819681809,0.07392081414283631,0.0763502087994169,0.0786664789429657,0.07982461401474011,0.08051949505780476
49,0.06377784825808655,0.06389245631742672,0.06408346974966035,0.06446549661412761,0.06483430812690093,0.06519934382490457,0.06605787747601416,0.0673112094896085,0.0682949657701625,0.06873957058463578,0.06923490348106585,0.07013606103315012,0.0710372185852344,0.07115691616829617,0.07117893125523013,0.07131559124462941,0.07150957368526137,0.07178460807302611,0.07216095739470689,0.07286851941194739,0.07473532586364696,0.07566872908949676,0.07622877102500662
50,0.05943754943575552,0.06026403667199374,0.061641515399057434,0.06439647285318482,0.06653467199207067,0.06849665446945895,0.06951566073213011,0.06978028602302762,0.0699811261233944,0.07005439584269975,0.07015363307042259,0.07046061036548523,0.07076758766054789,0.07089047850339814,0.07099035853972183,0.0719776311537878,0.07340860005672491,0.07465019717449967,0.0756550795608215,0.07685301372057303,0.07872662908732843,0.07966343677070614,0.08022552138073276
51,0.06084720404525909,0.06164432674999788,0.06297286459122921,0.06562994027369187,0.06646127719451846,0.06677097446916332,0.06764721078210299,0.0689766783256785,0.07002907955045429,0.07052734813763063,0.07106397077688825,0.07190742583279597,0.07275088088870367,0.07356508833055084,0.07437563982064044,0.07496660094547365,0.07544776688767868,0.07657157935650463,0.07849869998360672,0.0803973805829382,0.08219652108507258,0.08309609133613978,0.08363583348678008
52,0.05690411965215656,0.05745038778784273,0.058360834680653007,0.060181728466273565,0.06299385861198988,0.06608919914630496,0.06798086990292886,0.0689096048373998,0.07045424786062661,0.07323070706136513,0.07572497178704189,0.07596168071222467,0.07619838963740744,0.0774139864342649,0.0787519442150817,0.07984577941304609,0.08081755331958426,0.08214467026944385,0.08391596602345518,0.08584849146742964,0.088345320826275,0.0895937355056977,0.09034278431335131
53,0.05561204644671882,0.0560931019072618,0.05689486100816677,0.058498379209976706,0.06399128714255893,0.07059544928393324,0.0737504369215497,0.07414608495615989,0.0747239382296908,0.07566620198106318,0.07652460985054256,0.07671217066487805,0.07689973147921354,0.07861614389374336,0.08052366275829749,0.0813599702918538,0.08166067215991119,0.08184080717488328,0.08187023362349873,0.08277356299986294,0.08673555262334785,0.08871654743509033,0.08990514432213581
54,0.05544879484847378,0.055564567450461254,0.05575752178710706,0.05614343046039865,0.057440177601584284,0.05899716430502536,0.06258179138900756,0.06778853077742267,0.07179954786636068,0.07341912035634449,0.07508706151910657,0.07714195206409483,0.07919684260908308,0.07995287210839956,0.08054654397700706,0.08161738655669058,0.08292681449191211,0.08384555861210799,0.0842759479635218,0.08482126266856993,0.08576881611133823,0.08624259283272238,0.08652685886555288
55,0.05424890750320622,0.055074107238491446,0.05644944013063349,0.05920010591491757,0.06285272927809046,0.06676305480666017,0.06885686960365872,0.06949747581540035,0.07023266419666399,0.07115701691697165,0.07204660138116524,0.07265803979644629,0.07326947821172734,0.07572630455031652,0.07841380437931925,0.07950952813720118,0.07980936385952273,0.08020391638880132,0.08071686492677621,0.08130482696425352,0.0821553362499893,0.0825805908928572,0.08283574367857793
56,0.05253093197054772,0.05304956647995905,0.053913957328977934,0.0556427390270157,0.05681095967398843,0.05781902002065686,0.06036338343457466,0.06413678930229197,0.06708461768681108,0.06838129110493378,0.0696782601897008,0.07097759460762242,0.07227692902554403,0.07333390178566115,0.07436057933855274,0.0748642265578376,0.0751063586103191,0.07539971717893033,0.07575710889270375,0.07677798748368418,0.08012107014488927,0.08179261147549181,0.08279553627385335
57,0.05968692451536284,0.05999353084710035,0.06050454139999622,0.06152656250578794,0.06300445935030313,0.06461260640588218,0.0664354122165628,0.06842994503132468,0.06979706752465936,0.06990936937513963,0.07003686446148755,0.0702859054347767,0.07053494640806586,0.07106447411342412,0.07162906266029101,0.07183017532201465,0.07184955004116665,0.07204420520597837,0.07245796092786476,0.07346547233854135,0.07655112865998369,0.07809395682070487,0.07901965371713757
58,0.058865445708649516,0.05897488078852814,0.059157272588325836,0.059522056187921245,0.06149815810470625,0.06393463668354543,0.06617416799546773,0.06825614149385652,0.06976927683995955,0.07014473588149109,0.07047977977168111,0.07049150245113905,0.07050322513059698,0.07113918579919519,0.07185317621643593,0.07223907447097876,0.07246092664417264,0.0727424883373184,0.07309868693040403,0.07369072936849472,0.07510822526410313,0.07581697321190735,0.07624222198058987
59,0.05082175210185147,0.05221246797137724,0.05453032775392018,0.05916604731900607,0.06247875365570446,0.06541345621286357,0.06682084906010835,0.06700639413942165,0.06715181661834231,0.06721699389647769,0.06729602026234162,0.0674858393300341,0.06767565839772657,0.06835860171978064,0.0691031855736299,0.06976942546560887,0.07039649337665267,0.07143693402218251,0.07299409058581992,0.07511575849340543,0.07921321610480936,0.08126194491051134,0.08249118219393252
60,0.05959697221404372,0.05960728198283405,0.059624464930817925,0.05965883082678569,0.05978959443035888,0.05994790023610505,0.06013567174085016,0.060347015804794436,0.06093017315391409,0.062256957073384495,0.06355325301102072,0.06460564509398348,0.06565803717694622,0.06627514296640243,0.06683783796917031,0.0678699669113891,0.06913681282333337,0.07270989594425059,0.07916577557638402,0.08473422913651658,0.08719669144464612,0.08842792259871089,0.08916666129114977
61,0.05964420593688715,0.05967339606457416,0.05972204627738584,0.059819346703009195,0.060525873622943295,0.06140646525553761,0.06202236187295541,0.06242650247823199,0.06301092472631999,0.0639559102600308,0.06490301218705424,0.06586704526057886,0.06683107833410348,0.06843947703458848,0.07012842143844356,0.07211074358064734,0.07423975459202549,0.07920163104575323,0.08770458930241797,0.09468971270194765,0.0963624141015046,0.09719876480128309,0.09770057522115018
62,0.055491650742929,0.05620363022993103,0.05739026270826774,0.05976352766494117,0.06141552030305207,0.06286143513585939,0.06380661510935366,0.06435120719539751,0.06491259293430313,0.06550756597893229,0.06618869206466999,0.06755904247927602,0.06892939289388207,0.06925042029619936,0.06944028232198055,0.07039770478468278,0.07173890746584553,0.07253072300437258,0.072635804614605,0.07591924358687194,0.09032693332625967,0.0975307781959536,0.10185308511776993
63,0.05812716614692279,0.0581947363846284,0.0583073534474711,0.05853258757315649,0.05942342213919443,0.060504428259618825,0.06102710419601389,0.0611031159851855,0.06155264239469916,0.0627491980448969,0.06382982917329542,0.06398306412730032,0.06413629908130519,0.06428898742965354,0.06444160745229481,0.06470840544085514,0.065032292412375,0.0653053896366991,0.06551499967702851,0.06641311755969846,0.0697210128905603,0.07137496055599125,0.07236732915524981
64,0.05893383049132971,0.059240051737448604,0.05975042048098009,0.060771157968043055,0.06101635616473949,0.06103997170704547,0.06105501859043101,0.06106321054668019,0.0614725837293101,0.06268431936470148,0.06384322904759346,0.0645795311104902,0.06531583317338693,0.06585025550600387,0.06635944287233583,0.06656437300483199,0.06661717452041022,0.06693946103510896,0.06759860379870831,0.06879372449102422,0.07186476793384805,0.07340028965525998,0.07432160268810713
65,0.05508020610821095,0.05570501082109214,0.056746352009227466,0.058829034385498115,0.06067875399580332,0.06246191281583268,0.06326185544885683,0.0632752251322768,0.06339712237161196,0.0637360747227775,0.0641211888278572,0.06487559696425035,0.06563000510064351,0.06591092873416518,0.0661326668048279,0.06644166818792262,0.06679430122723334,0.06730626868380926,0.06801740416196671,0.06875386994106067,0.06957899177343246,0.06999155268961837,0.07023908923932991
66,0.051429577491038,0.05150986107045563,0.05164366703615169,0.05191127896754381,0.05518420198861214,0.059315785321016536,0.06174531711946363,0.06281320769074487,0.06375741484289743,0.0644542551567926,0.06508032305838152,0.0651402116615204,0.06520010026465928,0.06529371090184308,0.0653915367932825,0.06549419637898525,0.06559927281181968,0.0657765486656989,0.0660440737958841,0.06637421836691422,0.06692353098090152,0.06719818728789519,0.06736298107209138
67,0.04814765524045709,0.04870316517890242,0.04962901507631131,0.051480714871129096,0.05490654163505516,0.058782118961583585,0.060584439033182266,0.06072815330083716,0.06094487791520869,0.06130762322301349,0.061865359567211425,0.06398302420255444,0.06610068883789746,0.06645141444181905,0.06658127266681298,0.06672888419865286,0.06688537238391573,0.06716211763794748,0.06758918422794032,0.06812165227449993,0.0690230254190432,0.06947371199131486,0.06974412393467784
68,0.050636372735412306,0.05188668000678675,0.05397052545907748,0.05813821636365895,0.05992704754487899,0.061036204519424354,0.06170790026643835,0.062029627031427254,0.06266820847912462,0.06394049929223891,0.06511295371281085,0.06548671699304394,0.06586048027327703,0.06643306448942539,0.06703050132256315,0.06732977831853383,0.06747997539592097,0.06763128795731652,0.06778399487372258,0.06798673196879279,0.06836457468918757,0.06855349604938495,0.06866684886550338
69,0.052090462399102526,0.0521764653435699,0.05231980358434885,0.052606480065906756,0.05459409725126297,0.057067697494847275,0.058269980019768505,0.05845520836975928,0.0593345789403547,0.06160223395215942,0.06369685131655535,0.06440716750168093,0.06511748368680653,0.0652499146469188,0.06531010995390439,0.06668070141600436,0.06870649095566153,0.07001426606412604,0.07042452313359973,0.07090260501195955,0.07161807372142089,0.07197580807615155,0.07219044868898994
70,0.05628827676429561,0.05631634440026097,0.05636312379353656,0.05645668258008774,0.057647149638216114,0.05915101905965226,0.06008423861384078,0.06056093827423121,0.060898038503231465,0.06095593986945137,0.06124395908292191,0.06337292107439753,0.06550188306587314,0.06575468724353568,0.06577297169447162,0.06620940816633779,0.0668549206486691,0.06799144425959158,0.06974173178125304,0.07119690699105274,0.07161918910933628,0.07183033016847803,0.0719570148039631
71,0.05708401803149564,0.057168474186371616,0.057309234444498244,0.0575907549607515,0.05856316755450744,0.05973297788469273,0.06032457656871322,0.060453605935801874,0.06099631379251618,0.062366378628481794,0.06366814178136183,0.06442349146955734,0.06517884115775284,0.06741419135680299,0.06983454161970999,0.07149131647528942,0.07276630362720507,0.07402568151161096,0.07526554781162961,0.07657335532885884,0.07811895710632505,0.07889175799505817,0.07935543852829803
72,0.06457526525776411,0.06459663313453877,0.06463224626249653,0.06470347251841203,0.06568910700800938,0.0669360009929444,0.06835394571912601,0.06990873103830489,0.07108771661739302,0.0715151027162997,0.07190993184535083,0.0720443052155576,0.07217867858576436,0.07273674149029224,0.07334776558661027,0.07396431310675536,0.07458362233881399,0.07513232978619305,0.07559278500272268,0.07653206193653271,0.07914721488082413,0.08045479135296985,0.08123933723625727
73,0.061388336410314846,0.061486583766301076,0.06165032935961147,0.06197782054623225,0.06317462903419611,0.06461981389397227,0.06614080133815231,0.06772243084985545,0.06882532840274487,0.06897076203800685,0.06922451851065721,0.07034485768241455,0.0714651968541719,0.07252047799769369,0.07356762688768603,0.07548186115329031,0.07782963810670056,0.07941169545899847,0.08003660330990595,0.08085020210129264,0.08232421918435659,0.08306122772588857,0.08350343285080775
74,0.058727789184473196,0.05921194876948205,0.06001888141116348,0.06163274669452634,0.06446375223303939,0.06764251213016678,0.06940405511998704,0.07003182458396157,0.07077439316586465,0.07174655998362481,0.07262867697760089,0.0727903953813043,0.07295211378500771,0.07313871603714081,0.07332842877032764,0.07562182264963972,0.07896705710201443,0.08086999500031336,0.08097006220601755,0.08121404936940106,0.08196175638466219,0.08233560989229274,0.0825599219968711
75,0.06102905621095765,0.06226948203120169,0.06433685839827509,0.06847161113242188,0.07184437476678845,0.07499942722978926,0.0764123780947944,0.07643164768140302,0.07690872999302883,0.07830143775468901,0.0795395916416683,0.07954131453120045,0.07954303742073261,0.08103209349291034,0.08270706621291876,0.08342424805111877,0.08366253444841457,0.0839318682762726,0.08424001139233338,0.08460278951677377,0.08515679017054287,0.0854337904974274,0.08559999069355813
76,0.05548928827628178,0.05600979083462882,0.056877295098540566,0.05861230362636405,0.0637362029205129,0.06982835671932612,0.07311802559975078,0.07416570654546456,0.07487143185555879,0.07489324589441392,0.07503756836522939,0.0761619582917278,0.0772863482182262,0.07782311395523192,0.07828642666855105,0.0786314581947262,0.07891734912732934,0.08152508705972494,0.08703513374186113,0.09136589126885403,0.09156913675284534,0.09167075949484099,0.09173173314003838
77,0.057274861270845946,0.057352589060310134,0.05748213537608379,0.0577412280076311,0.058511925765712805,0.059428796417090056,0.0639029588940927,0.07122295483159567,0.07694659818346222,0.07947753636405597,0.08174364007091228,0.08189106798786916,0.08203849590482602,0.0835810586264692,0.08529801319869815,0.0859282215963383,0.08601505690668405,0.08745744959850017,0.09059428901715424,0.09312067281678406,0.09351046194982895,0.09370535651635141,0.09382229325626489
78,0.05634910770040343,0.056443303335636186,0.05660029606102411,0.05691428151179996,0.06415849178106064,0.07338276628417416,0.07835911831070526,0.07993713235597043,0.08175200277735656,0.08404058595098463,0.08624481599828529,0.08777422103496679,0.0893036260716483,0.09127604153598609,0.09330383330378093,0.0939875700549415,0.09399927929778495,0.09416979412786577,0.09453881594199333,0.09514231356332425,0.09656647650986697,0.09727855798313832,0.09770580686710113
79,0.05564387227078547,0.05570262692290203,0.055800551343096305,0.055996400183484854,0.056042358675209694,0.05604549135303063,0.056597412240008804,0.05758836369431278,0.06178993305095127,0.07241273821225881,0.08202429819794232,0.08354589677863355,0.08506749535932477,0.08690658173761975,0.08878535409061522,0.08996667004925774,0.09079925781072379,0.0919814920106052,0.09360078425850578,0.09523197451151952,0.09690480778242926,0.09774122441788413,0.09824307439915705
